user_id,event_type,event_time,product_id,amount
U0240,wishlist_add,2023-06-03 05:08:00,P020,2900.63
U0211,wishlist_add,2023-06-03 12:38:00,P015,1728.27
U0327,checkout,2023-06-06 08:16:00,P006,2875.06
U0063,wishlist_add,2023-06-06 08:09:00,P010,986.77
U0032,profile_update,2023-06-02 12:51:00,P008,597.66
U0033,page_view,2023-06-04 20:55:00,P004,2685.69
U0317,profile_update,2023-06-04 15:52:00,P024,1157.58
U0007,wishlist_add,2023-06-03 18:11:00,P014,695.42
U0070,wishlist_add,2023-06-05 12:52:00,P020,2910.47
U0170,wishlist_add,2023-06-01 17:47:00,P015,2483.79
U0251,page_view,2023-06-06 14:23:00,P011,562.53
U0312,page_view,2023-06-04 20:16:00,P020,1491.28
U0285,wishlist_add,2023-06-01 09:14:00,P030,2906.11
U0120,page_view,2023-06-01 19:22:00,P001,2426.87
U0052,wishlist_add,2023-06-05 16:32:00,P013,856.11
U0190,checkout,2023-06-03 00:09:00,P024,939.67
U0327,profile_update,2023-06-05 13:03:00,P001,2809.18
U0232,checkout,2023-06-01 10:04:00,P025,1708.83
U0271,page_view,2023-06-05 18:46:00,P030,2856.44
U0013,profile_update,2023-06-06 16:24:00,P024,2441.69
U0186,page_view,2023-06-05 14:03:00,P012,1649.38
U0221,profile_update,2023-06-04 18:38:00,P021,2630.74
U0328,page_view,2023-06-06 04:31:00,P016,2961.58
U0050,wishlist_add,2023-06-05 00:31:00,P015,2746.07
U0091,wishlist_add,2023-06-06 05:08:00,P019,2465.97
U0264,profile_update,2023-06-05 06:13:00,P025,2531.88
U0304,page_view,2023-06-03 22:03:00,P012,1258.65
U0354,checkout,2023-06-02 00:34:00,P024,2226.0
U0385,profile_update,2023-06-03 08:32:00,P024,1207.48
U0158,wishlist_add,2023-06-06 19:14:00,P012,2188.04
U0282,wishlist_add,2023-06-04 07:12:00,P023,192.97
U0244,checkout,2023-06-04 07:07:00,P029,705.22
U0274,profile_update,2023-06-01 11:37:00,P029,1522.36
U0094,wishlist_add,2023-06-05 22:52:00,P010,1692.82
U0208,wishlist_add,2023-06-06 04:14:00,P015,661.75
U0307,page_view,2023-06-03 13:54:00,P002,801.42
U0002,page_view,2023-06-01 17:43:00,P010,859.28
U0324,page_view,2023-06-02 04:12:00,P011,672.47
U0032,page_view,2023-06-06 15:36:00,P010,1143.78
U0239,profile_update,2023-06-05 00:41:00,P027,1308.08
U0163,page_view,2023-06-06 12:58:00,P013,1477.68
U0134,profile_update,2023-06-03 07:13:00,P024,262.58
U0224,profile_update,2023-06-05 20:37:00,P012,571.85
U0097,page_view,2023-06-01 20:57:00,P024,2546.29
U0300,page_view,2023-06-01 19:08:00,P005,2162.53
U0173,wishlist_add,2023-06-02 20:59:00,P017,289.79
U0301,profile_update,2023-06-05 05:46:00,P010,609.84
U0058,page_view,2023-06-04 22:52:00,P013,502.91
U0038,page_view,2023-06-01 08:22:00,P020,899.79
U0093,page_view,2023-06-02 07:29:00,P014,293.63
U0038,wishlist_add,2023-06-03 04:44:00,P015,2630.61
U0388,page_view,2023-06-05 07:02:00,P024,1593.51
U0082,profile_update,2023-06-05 20:57:00,P016,1567.14
U0250,checkout,2023-06-02 17:46:00,P001,2327.37
U0086,checkout,2023-06-05 23:13:00,P026,615.95
U0184,profile_update,2023-06-04 06:48:00,P017,1158.71
U0353,page_view,2023-06-05 05:31:00,P008,1530.09
U0242,wishlist_add,2023-06-05 06:13:00,P027,2488.27
U0144,page_view,2023-06-04 09:45:00,P025,2852.8
U0324,page_view,2023-06-03 15:31:00,P007,1502.13
U0021,checkout,2023-06-02 07:05:00,P013,1763.65
U0215,checkout,2023-06-03 15:36:00,P002,2811.96
U0027,wishlist_add,2023-06-05 05:31:00,P009,966.86
U0191,checkout,2023-06-04 02:52:00,P010,948.41
U0156,checkout,2023-06-01 13:41:00,P002,2560.3
U0245,wishlist_add,2023-06-05 18:01:00,P009,1662.6
U0131,page_view,2023-06-02 05:22:00,P026,1415.83
U0227,page_view,2023-06-02 06:17:00,P003,2554.6
U0370,wishlist_add,2023-06-01 16:44:00,P026,330.13
U0389,profile_update,2023-06-06 16:34:00,P015,2401.07
U0095,profile_update,2023-06-03 21:09:00,P005,650.57
U0111,page_view,2023-06-06 01:21:00,P001,200.12
U0230,page_view,2023-06-02 08:35:00,P010,2276.48
U0012,wishlist_add,2023-06-06 11:41:00,P005,1934.35
U0255,page_view,2023-06-05 05:42:00,P026,309.67
U0245,checkout,2023-06-04 14:16:00,P009,2223.09
U0029,profile_update,2023-06-02 13:05:00,P003,940.43
U0001,wishlist_add,2023-06-05 01:45:00,P028,960.51
U0230,checkout,2023-06-04 01:25:00,P015,1204.39
U0191,profile_update,2023-06-03 09:27:00,P005,1417.06
U0293,wishlist_add,2023-06-05 07:53:00,P019,1781.13
U0045,wishlist_add,2023-06-04 00:08:00,P014,1902.2
U0242,profile_update,2023-06-06 03:10:00,P022,256.78
U0329,profile_update,2023-06-04 08:06:00,P028,1526.79
U0243,profile_update,2023-06-06 07:05:00,P020,1202.3
U0398,checkout,2023-06-05 01:14:00,P017,1613.16
U0122,profile_update,2023-06-05 08:35:00,P027,2208.1
U0358,page_view,2023-06-03 16:20:00,P012,2773.7
U0332,wishlist_add,2023-06-06 15:39:00,P006,1938.83
U0122,wishlist_add,2023-06-01 20:46:00,P025,2356.49
U0159,profile_update,2023-06-05 10:10:00,P027,1141.76
U0150,wishlist_add,2023-06-03 05:19:00,P010,2283.39
U0262,page_view,2023-06-04 18:16:00,P004,1787.47
U0138,checkout,2023-06-04 04:33:00,P010,330.57
U0161,profile_update,2023-06-03 22:00:00,P002,2346.95
U0141,checkout,2023-06-05 11:32:00,P010,1952.09
U0350,wishlist_add,2023-06-03 03:00:00,P019,777.24
U0035,profile_update,2023-06-06 18:55:00,P020,2085.12
U0336,profile_update,2023-06-04 03:33:00,P018,1389.04
U0219,checkout,2023-06-04 23:13:00,P011,808.5
U0288,profile_update,2023-06-06 05:11:00,P009,330.5
U0271,wishlist_add,2023-06-03 15:46:00,P026,2543.19
U0307,wishlist_add,2023-06-05 14:10:00,P013,1866.94
U0203,checkout,2023-06-06 15:23:00,P020,239.81
U0337,profile_update,2023-06-01 23:30:00,P013,1834.59
U0264,profile_update,2023-06-03 15:07:00,P008,2821.74
U0190,wishlist_add,2023-06-03 12:30:00,P018,2199.55
U0190,checkout,2023-06-01 11:16:00,P014,2246.64
U0034,checkout,2023-06-02 13:58:00,P008,1826.62
U0224,wishlist_add,2023-06-05 16:32:00,P017,1409.74
U0216,wishlist_add,2023-06-03 12:32:00,P018,430.27
U0006,checkout,2023-06-04 05:23:00,P002,2643.34
U0217,wishlist_add,2023-06-04 01:47:00,P001,1637.76
U0386,profile_update,2023-06-04 01:30:00,P029,2051.84
U0048,wishlist_add,2023-06-02 09:24:00,P027,747.59
U0080,wishlist_add,2023-06-01 18:33:00,P020,1357.65
U0287,profile_update,2023-06-05 21:36:00,P028,1984.38
U0399,checkout,2023-06-05 06:59:00,P003,2540.19
U0181,checkout,2023-06-06 10:20:00,P020,352.05
U0233,page_view,2023-06-06 19:03:00,P023,2548.34
U0144,page_view,2023-06-05 23:29:00,P004,110.74
U0089,profile_update,2023-06-03 05:56:00,P009,1252.73
U0200,wishlist_add,2023-06-05 00:44:00,P013,2481.42
U0079,page_view,2023-06-06 11:30:00,P004,980.23
U0226,profile_update,2023-06-04 01:04:00,P025,1532.29
U0024,wishlist_add,2023-06-05 17:47:00,P005,2398.41
U0113,wishlist_add,2023-06-02 23:42:00,P002,1059.78
U0330,profile_update,2023-06-02 23:06:00,P018,814.85
U0069,wishlist_add,2023-06-02 14:59:00,P026,2094.06
U0210,wishlist_add,2023-06-02 21:21:00,P017,2082.56
U0329,checkout,2023-06-03 14:53:00,P008,1279.39
U0243,profile_update,2023-06-06 05:05:00,P008,2771.24
U0157,page_view,2023-06-02 08:59:00,P024,1235.21
U0277,wishlist_add,2023-06-04 20:50:00,P004,2488.91
U0137,checkout,2023-06-02 12:44:00,P003,588.95
U0275,wishlist_add,2023-06-03 14:10:00,P018,2666.13
U0355,page_view,2023-06-05 03:35:00,P019,524.55
U0320,profile_update,2023-06-04 11:37:00,P028,1444.58
U0268,profile_update,2023-06-06 17:13:00,P013,1769.27
U0232,checkout,2023-06-06 04:15:00,P012,867.43
U0134,profile_update,2023-06-04 02:54:00,P016,2453.97
U0153,checkout,2023-06-02 23:19:00,P024,2731.71
U0030,page_view,2023-06-06 09:21:00,P003,230.1
U0051,profile_update,2023-06-06 02:51:00,P024,1086.06
U0240,profile_update,2023-06-02 02:06:00,P017,653.28
U0396,profile_update,2023-06-02 12:59:00,P002,1820.64
U0057,wishlist_add,2023-06-04 20:57:00,P019,227.1
U0189,checkout,2023-06-06 14:36:00,P003,772.44
U0248,checkout,2023-06-06 14:33:00,P004,2808.33
U0386,wishlist_add,2023-06-03 19:34:00,P015,188.75
U0302,wishlist_add,2023-06-03 09:24:00,P030,1404.35
U0103,page_view,2023-06-06 02:39:00,P001,2050.83
U0016,page_view,2023-06-04 18:20:00,P020,116.55
U0253,checkout,2023-06-06 19:33:00,P025,2271.79
U0144,checkout,2023-06-04 05:41:00,P019,1859.75
U0374,profile_update,2023-06-02 15:49:00,P017,322.97
U0322,checkout,2023-06-05 10:09:00,P007,2509.06
U0338,checkout,2023-06-01 14:29:00,P021,1685.89
U0074,profile_update,2023-06-01 09:21:00,P020,2123.81
U0356,profile_update,2023-06-03 17:34:00,P018,553.47
U0036,page_view,2023-06-04 20:16:00,P018,2628.52
U0034,wishlist_add,2023-06-04 10:28:00,P020,2584.23
U0103,wishlist_add,2023-06-03 22:30:00,P001,1761.35
U0207,wishlist_add,2023-06-02 19:09:00,P019,1727.16
U0389,checkout,2023-06-03 06:10:00,P025,348.03
U0322,checkout,2023-06-06 17:55:00,P020,1446.76
U0087,page_view,2023-06-02 06:47:00,P022,1753.13
U0278,page_view,2023-06-06 11:13:00,P024,1753.74
U0260,checkout,2023-06-06 11:00:00,P012,2006.3
U0198,page_view,2023-06-02 19:18:00,P016,1649.45
U0013,wishlist_add,2023-06-04 04:58:00,P027,1376.45
U0286,wishlist_add,2023-06-06 08:00:00,P007,2091.89
U0145,profile_update,2023-06-05 16:15:00,P011,928.17
U0154,checkout,2023-06-03 10:12:00,P001,632.71
U0032,page_view,2023-06-06 00:18:00,P014,1507.5
U0058,checkout,2023-06-03 23:34:00,P027,1105.04
U0011,wishlist_add,2023-06-05 20:12:00,P028,1195.31
U0213,wishlist_add,2023-06-02 22:21:00,P006,2353.18
U0266,wishlist_add,2023-06-05 10:17:00,P029,2377.93
U0187,page_view,2023-06-05 12:36:00,P021,2704.26
U0340,wishlist_add,2023-06-05 19:28:00,P009,979.94
U0157,checkout,2023-06-05 03:37:00,P002,1388.02
U0042,page_view,2023-06-02 05:39:00,P002,1976.65
U0088,page_view,2023-06-05 20:24:00,P003,2193.55
U0014,checkout,2023-06-06 00:19:00,P012,899.1
U0203,wishlist_add,2023-06-04 00:56:00,P027,1947.61
U0210,page_view,2023-06-06 02:07:00,P016,1079.08
U0047,wishlist_add,2023-06-02 19:30:00,P026,1991.05
U0384,profile_update,2023-06-06 00:31:00,P002,2788.83
U0395,profile_update,2023-06-02 08:13:00,P024,2364.53
U0318,page_view,2023-06-05 04:23:00,P002,554.93
U0280,wishlist_add,2023-06-06 11:54:00,P006,2532.86
U0014,page_view,2023-06-05 01:52:00,P008,662.85
U0124,checkout,2023-06-06 05:55:00,P014,2809.84
U0040,profile_update,2023-06-06 12:18:00,P016,2206.66
U0249,profile_update,2023-06-03 05:40:00,P014,1302.89
U0101,wishlist_add,2023-06-03 05:43:00,P030,616.67
U0372,checkout,2023-06-06 07:18:00,P019,1139.19
U0313,profile_update,2023-06-03 22:35:00,P023,304.46
U0187,profile_update,2023-06-01 11:54:00,P016,1234.88
U0017,profile_update,2023-06-03 05:08:00,P012,1865.75
U0163,profile_update,2023-06-02 02:48:00,P012,1365.47
U0012,profile_update,2023-06-02 06:35:00,P029,2764.26
U0015,wishlist_add,2023-06-03 08:52:00,P004,2030.24
U0098,checkout,2023-06-02 03:54:00,P017,2561.65
U0123,page_view,2023-06-03 06:37:00,P027,312.86
U0307,profile_update,2023-06-05 04:35:00,P015,1664.01
U0255,page_view,2023-06-01 17:48:00,P002,1834.87
U0019,profile_update,2023-06-04 21:00:00,P029,366.25
U0308,checkout,2023-06-02 05:03:00,P009,2631.23
U0292,profile_update,2023-06-04 05:30:00,P028,879.06
U0250,wishlist_add,2023-06-04 00:24:00,P024,2483.6
U0357,wishlist_add,2023-06-06 12:26:00,P004,945.92
U0282,checkout,2023-06-03 16:51:00,P022,656.72
U0246,profile_update,2023-06-05 12:06:00,P003,1044.73
U0199,page_view,2023-06-06 16:47:00,P014,1513.39
U0269,page_view,2023-06-02 13:44:00,P024,1984.41
U0046,checkout,2023-06-03 07:55:00,P019,2773.79
U0320,page_view,2023-06-02 22:44:00,P007,2722.57
U0227,page_view,2023-06-04 07:10:00,P006,1702.09
U0307,wishlist_add,2023-06-02 22:46:00,P012,2804.69
U0336,profile_update,2023-06-05 04:11:00,P023,1791.87
U0392,page_view,2023-06-01 16:28:00,P018,1555.41
U0385,page_view,2023-06-04 15:55:00,P025,2763.18
U0383,checkout,2023-06-01 17:12:00,P014,238.02
U0165,checkout,2023-06-06 17:46:00,P028,125.36
U0297,wishlist_add,2023-06-04 10:26:00,P008,2533.16
U0192,profile_update,2023-06-02 13:45:00,P018,2545.69
U0019,checkout,2023-06-04 11:40:00,P022,2149.41
U0099,page_view,2023-06-06 18:16:00,P001,1546.27
U0012,checkout,2023-06-04 21:51:00,P017,2935.34
U0064,profile_update,2023-06-02 02:59:00,P025,2530.29
U0007,page_view,2023-06-02 14:06:00,P011,1591.4
U0385,page_view,2023-06-05 06:38:00,P010,471.44
U0143,wishlist_add,2023-06-05 15:08:00,P028,2592.39
U0036,wishlist_add,2023-06-03 05:50:00,P008,1920.37
U0132,page_view,2023-06-04 18:04:00,P009,1879.49
U0018,checkout,2023-06-04 20:58:00,P007,1204.46
U0029,checkout,2023-06-02 14:08:00,P011,1766.85
U0099,checkout,2023-06-01 12:38:00,P011,1269.79
U0155,page_view,2023-06-05 02:22:00,P018,2352.99
U0055,checkout,2023-06-05 12:24:00,P011,349.99
U0388,profile_update,2023-06-01 10:37:00,P012,2179.23
U0313,profile_update,2023-06-03 09:29:00,P022,1288.79
U0382,checkout,2023-06-04 16:38:00,P015,2928.35
U0123,profile_update,2023-06-04 01:08:00,P013,1661.57
U0359,wishlist_add,2023-06-02 12:27:00,P018,1593.37
U0129,profile_update,2023-06-01 12:18:00,P009,2164.56
U0293,profile_update,2023-06-03 21:26:00,P013,836.74
U0059,wishlist_add,2023-06-04 04:33:00,P027,1233.09
U0342,checkout,2023-06-03 19:44:00,P013,2196.49
U0065,wishlist_add,2023-06-05 00:11:00,P028,298.22
U0198,profile_update,2023-06-02 06:05:00,P006,1175.8
U0160,wishlist_add,2023-06-02 09:55:00,P006,2471.81
U0104,page_view,2023-06-04 15:28:00,P008,1429.51
U0152,page_view,2023-06-03 00:23:00,P027,1227.04
U0365,wishlist_add,2023-06-02 10:14:00,P019,1732.38
U0279,page_view,2023-06-02 00:31:00,P026,529.28
U0156,wishlist_add,2023-06-04 17:14:00,P024,1978.14
U0078,checkout,2023-06-04 21:31:00,P025,594.83
U0154,wishlist_add,2023-06-02 06:13:00,P020,1441.72
U0138,profile_update,2023-06-01 17:16:00,P014,2947.68
U0189,wishlist_add,2023-06-02 00:13:00,P030,501.66
U0198,page_view,2023-06-03 00:22:00,P001,2257.33
U0126,checkout,2023-06-04 03:53:00,P011,188.77
U0238,profile_update,2023-06-04 06:42:00,P028,2287.7
U0133,checkout,2023-06-03 05:07:00,P024,1913.72
U0161,profile_update,2023-06-06 15:05:00,P001,605.13
U0304,profile_update,2023-06-05 01:00:00,P012,289.43
U0132,checkout,2023-06-03 21:28:00,P016,2025.29
U0224,profile_update,2023-06-05 02:11:00,P017,1540.9
U0128,page_view,2023-06-05 02:22:00,P014,1670.62
U0081,wishlist_add,2023-06-03 02:51:00,P026,398.75
U0132,wishlist_add,2023-06-02 03:24:00,P013,1820.4
U0092,wishlist_add,2023-06-05 23:56:00,P027,2411.61
U0114,profile_update,2023-06-03 21:35:00,P005,2196.32
U0305,wishlist_add,2023-06-03 20:11:00,P006,368.42
U0315,checkout,2023-06-02 16:36:00,P005,2021.23
U0292,checkout,2023-06-03 04:38:00,P017,1207.6
U0195,page_view,2023-06-05 14:05:00,P015,2185.6
U0207,profile_update,2023-06-05 04:57:00,P003,593.27
U0215,wishlist_add,2023-06-04 09:25:00,P015,1944.12
U0074,profile_update,2023-06-05 12:48:00,P003,1470.82
U0372,wishlist_add,2023-06-01 12:47:00,P027,2427.35
U0186,page_view,2023-06-03 17:04:00,P023,1858.0
U0076,profile_update,2023-06-06 13:05:00,P021,1473.92
U0243,profile_update,2023-06-06 11:08:00,P006,2994.65
U0106,checkout,2023-06-01 14:55:00,P004,748.52
U0321,profile_update,2023-06-03 18:37:00,P008,1212.53
U0317,page_view,2023-06-02 08:08:00,P018,1580.27
U0200,checkout,2023-06-01 20:14:00,P021,2299.88
U0214,page_view,2023-06-05 12:57:00,P010,1723.9
U0308,checkout,2023-06-04 09:07:00,P014,1737.31
U0046,profile_update,2023-06-03 19:35:00,P019,2390.05
U0087,profile_update,2023-06-06 12:02:00,P006,2911.01
U0128,checkout,2023-06-04 06:36:00,P024,876.93
U0289,page_view,2023-06-05 19:57:00,P017,2919.08
U0010,profile_update,2023-06-05 23:11:00,P009,2812.23
U0383,profile_update,2023-06-01 22:14:00,P030,2912.04
U0372,wishlist_add,2023-06-01 20:22:00,P015,984.18
U0358,checkout,2023-06-03 19:48:00,P016,2844.49
U0132,page_view,2023-06-04 07:25:00,P024,103.35
U0039,wishlist_add,2023-06-03 05:34:00,P003,1791.99
U0277,profile_update,2023-06-04 21:48:00,P002,352.21
U0167,page_view,2023-06-02 08:08:00,P025,1532.03
U0122,checkout,2023-06-04 12:20:00,P030,1162.42
U0186,page_view,2023-06-03 21:53:00,P022,1979.66
U0114,page_view,2023-06-03 10:53:00,P008,2625.13
U0183,page_view,2023-06-02 18:17:00,P019,2796.63
U0158,page_view,2023-06-03 11:12:00,P027,487.48
U0203,checkout,2023-06-06 03:15:00,P027,2031.44
U0017,page_view,2023-06-06 02:46:00,P014,2116.41
U0236,page_view,2023-06-03 16:13:00,P027,2843.25
U0283,profile_update,2023-06-06 07:53:00,P004,2727.75
U0354,page_view,2023-06-04 19:11:00,P021,954.68
U0122,page_view,2023-06-04 04:35:00,P005,1808.91
U0241,wishlist_add,2023-06-06 18:15:00,P008,2817.48
U0077,checkout,2023-06-06 01:49:00,P018,315.52
U0277,page_view,2023-06-02 14:09:00,P003,2504.34
U0102,wishlist_add,2023-06-01 12:21:00,P002,2384.84
U0392,checkout,2023-06-05 20:35:00,P021,531.23
U0018,wishlist_add,2023-06-04 07:28:00,P011,1921.51
U0187,checkout,2023-06-03 03:00:00,P016,810.87
U0259,profile_update,2023-06-01 09:02:00,P024,795.7
U0239,wishlist_add,2023-06-02 17:31:00,P010,743.78
U0141,page_view,2023-06-05 00:46:00,P029,1037.69
U0165,profile_update,2023-06-04 02:11:00,P023,263.81
U0124,checkout,2023-06-01 19:47:00,P010,426.66
U0049,checkout,2023-06-05 13:40:00,P030,1105.33
U0241,wishlist_add,2023-06-06 14:55:00,P009,425.5
U0099,profile_update,2023-06-02 02:25:00,P024,2334.22
U0023,profile_update,2023-06-01 11:54:00,P020,1403.1
U0380,checkout,2023-06-03 07:12:00,P015,905.4
U0246,profile_update,2023-06-04 07:49:00,P012,673.26
U0284,profile_update,2023-06-03 17:36:00,P005,1920.1
U0291,wishlist_add,2023-06-03 19:00:00,P004,192.68
U0034,checkout,2023-06-04 02:44:00,P025,2387.37
U0061,wishlist_add,2023-06-02 02:09:00,P008,124.93
U0203,profile_update,2023-06-02 01:29:00,P004,2959.88
U0331,page_view,2023-06-03 05:33:00,P015,1404.59
U0033,checkout,2023-06-03 02:32:00,P004,150.67
U0255,checkout,2023-06-06 12:43:00,P005,934.18
U0207,checkout,2023-06-01 16:40:00,P024,1329.61
U0300,profile_update,2023-06-05 20:03:00,P009,2097.23
U0006,wishlist_add,2023-06-06 08:52:00,P020,1155.58
U0286,profile_update,2023-06-06 03:18:00,P024,2235.94
U0260,profile_update,2023-06-05 06:12:00,P009,2763.42
U0072,wishlist_add,2023-06-02 12:58:00,P004,684.69
U0343,profile_update,2023-06-03 07:03:00,P028,2464.51
U0309,checkout,2023-06-02 16:43:00,P030,2320.72
U0250,page_view,2023-06-03 01:13:00,P020,1277.97
U0141,page_view,2023-06-04 11:26:00,P017,1638.06
U0089,profile_update,2023-06-01 11:54:00,P009,1071.66
U0031,profile_update,2023-06-02 09:02:00,P011,2218.57
U0156,checkout,2023-06-05 15:01:00,P024,1033.82
U0160,wishlist_add,2023-06-04 08:33:00,P001,360.21
U0371,wishlist_add,2023-06-03 09:51:00,P003,1239.45
U0025,checkout,2023-06-03 21:29:00,P029,1891.32
U0271,checkout,2023-06-05 02:29:00,P004,1497.62
U0210,page_view,2023-06-01 22:34:00,P003,2751.5
U0392,page_view,2023-06-04 22:44:00,P013,1221.88
U0182,page_view,2023-06-03 14:28:00,P012,2107.12
U0302,wishlist_add,2023-06-03 11:56:00,P012,1092.55
U0096,wishlist_add,2023-06-04 03:04:00,P006,2954.48
U0233,page_view,2023-06-04 21:12:00,P013,857.83
U0331,wishlist_add,2023-06-02 10:05:00,P004,1497.24
U0109,page_view,2023-06-01 22:58:00,P005,2996.21
U0055,profile_update,2023-06-04 15:15:00,P017,2181.47
U0354,wishlist_add,2023-06-03 22:15:00,P020,2872.66
U0319,profile_update,2023-06-02 15:40:00,P004,1814.3
U0302,page_view,2023-06-05 19:43:00,P011,1486.78
U0324,wishlist_add,2023-06-04 06:55:00,P017,2504.13
U0282,wishlist_add,2023-06-01 08:02:00,P015,2850.98
U0322,wishlist_add,2023-06-03 16:38:00,P020,823.64
U0204,checkout,2023-06-03 16:29:00,P030,2361.96
U0190,page_view,2023-06-05 00:47:00,P013,2711.43
U0353,checkout,2023-06-03 04:57:00,P016,987.46
U0098,wishlist_add,2023-06-04 21:09:00,P027,329.59
U0014,checkout,2023-06-03 11:49:00,P010,2775.84
U0177,page_view,2023-06-04 21:32:00,P009,2647.63
U0007,profile_update,2023-06-01 22:41:00,P001,2132.21
U0032,page_view,2023-06-06 05:05:00,P025,668.94
U0222,profile_update,2023-06-03 19:39:00,P025,2949.17
U0299,profile_update,2023-06-06 04:43:00,P008,1855.06
U0240,checkout,2023-06-02 06:34:00,P018,1214.68
U0335,profile_update,2023-06-03 13:11:00,P017,1863.87
U0350,wishlist_add,2023-06-03 14:48:00,P014,1284.93
U0347,page_view,2023-06-06 17:10:00,P010,1805.2
U0340,profile_update,2023-06-01 14:39:00,P023,1578.64
U0089,profile_update,2023-06-05 02:38:00,P020,1787.22
U0293,profile_update,2023-06-04 01:45:00,P008,2833.35
U0250,wishlist_add,2023-06-05 06:50:00,P020,663.1
U0323,page_view,2023-06-03 15:20:00,P016,1429.37
U0266,page_view,2023-06-02 07:27:00,P021,2339.74
U0132,checkout,2023-06-05 11:41:00,P021,338.4
U0185,page_view,2023-06-05 12:49:00,P015,1870.58
U0138,page_view,2023-06-03 10:36:00,P014,495.83
U0152,checkout,2023-06-05 06:36:00,P025,2718.3
U0132,wishlist_add,2023-06-03 13:17:00,P025,1829.58
U0236,wishlist_add,2023-06-04 11:11:00,P024,2608.05
U0107,wishlist_add,2023-06-01 12:15:00,P020,1513.26
U0226,profile_update,2023-06-04 20:09:00,P020,710.34
U0311,page_view,2023-06-04 01:31:00,P014,2573.16
U0279,wishlist_add,2023-06-06 11:00:00,P012,2859.15
U0031,wishlist_add,2023-06-04 20:41:00,P009,332.54
U0020,wishlist_add,2023-06-06 13:24:00,P018,1179.94
U0067,wishlist_add,2023-06-05 12:38:00,P019,1929.77
U0293,profile_update,2023-06-01 08:06:00,P028,2973.88
U0327,checkout,2023-06-05 21:44:00,P009,2952.07
U0393,profile_update,2023-06-04 07:46:00,P018,1878.61
U0212,wishlist_add,2023-06-03 21:57:00,P011,2787.43
U0068,wishlist_add,2023-06-05 03:41:00,P012,536.92
U0288,wishlist_add,2023-06-04 06:23:00,P026,1241.08
U0195,checkout,2023-06-05 03:25:00,P003,2683.28
U0169,wishlist_add,2023-06-05 00:47:00,P012,2726.98
U0266,page_view,2023-06-05 22:06:00,P005,2845.95
U0174,page_view,2023-06-03 00:04:00,P027,1858.75
U0310,checkout,2023-06-03 10:21:00,P028,1472.06
U0361,profile_update,2023-06-03 18:41:00,P018,946.23
U0043,wishlist_add,2023-06-02 14:01:00,P030,611.57
U0265,checkout,2023-06-06 16:22:00,P025,354.47
U0198,checkout,2023-06-02 06:06:00,P010,229.86
U0328,profile_update,2023-06-04 06:55:00,P030,2528.27
U0003,checkout,2023-06-01 18:49:00,P006,2371.12
U0258,checkout,2023-06-06 19:30:00,P006,1163.84
U0391,page_view,2023-06-03 19:54:00,P024,1768.77
U0047,profile_update,2023-06-03 06:57:00,P020,1516.87
U0363,wishlist_add,2023-06-02 23:47:00,P026,1455.21
U0289,checkout,2023-06-06 08:12:00,P016,2931.22
U0254,wishlist_add,2023-06-06 04:37:00,P004,2155.67
U0177,page_view,2023-06-01 23:58:00,P021,1972.53
U0108,profile_update,2023-06-05 12:19:00,P019,2508.07
U0033,profile_update,2023-06-03 14:04:00,P029,1796.2
U0240,profile_update,2023-06-04 01:59:00,P023,925.81
U0221,checkout,2023-06-06 09:33:00,P027,1223.77
U0244,page_view,2023-06-06 18:35:00,P006,2076.13
U0010,profile_update,2023-06-06 13:25:00,P008,1592.02
U0234,wishlist_add,2023-06-01 21:17:00,P026,947.3
U0153,page_view,2023-06-04 16:48:00,P005,868.8
U0064,checkout,2023-06-03 05:35:00,P021,200.64
U0020,wishlist_add,2023-06-03 21:28:00,P013,2702.66
U0385,profile_update,2023-06-05 19:19:00,P009,2856.32
U0214,checkout,2023-06-02 12:34:00,P013,715.52
U0016,wishlist_add,2023-06-01 11:35:00,P011,696.44
U0281,wishlist_add,2023-06-05 06:20:00,P001,606.69
U0392,wishlist_add,2023-06-02 18:51:00,P023,1577.26
U0300,wishlist_add,2023-06-01 12:19:00,P015,2724.6
U0396,profile_update,2023-06-01 12:33:00,P027,1801.37
U0199,page_view,2023-06-04 16:19:00,P026,2822.06
U0168,checkout,2023-06-02 06:12:00,P023,2266.0
U0385,page_view,2023-06-04 10:26:00,P001,385.12
U0221,page_view,2023-06-02 06:09:00,P018,949.57
U0078,checkout,2023-06-03 05:34:00,P027,2394.98
U0122,checkout,2023-06-04 17:10:00,P007,2749.51
U0117,checkout,2023-06-01 13:46:00,P011,370.37
U0108,checkout,2023-06-04 03:16:00,P006,2876.98
U0173,profile_update,2023-06-04 07:02:00,P029,1880.75
U0066,profile_update,2023-06-04 20:59:00,P004,1742.9
U0353,checkout,2023-06-03 04:20:00,P012,326.69
U0291,wishlist_add,2023-06-02 18:43:00,P008,2903.22
U0094,profile_update,2023-06-05 04:46:00,P022,1202.38
U0391,page_view,2023-06-03 04:00:00,P026,2884.82
U0254,checkout,2023-06-06 03:51:00,P011,2356.84
U0326,checkout,2023-06-01 12:14:00,P027,2924.43
U0097,checkout,2023-06-05 15:57:00,P005,2035.15
U0084,page_view,2023-06-01 22:53:00,P026,1328.55
U0024,wishlist_add,2023-06-05 03:15:00,P013,1574.13
U0133,wishlist_add,2023-06-03 23:25:00,P004,2444.1
U0317,wishlist_add,2023-06-01 16:50:00,P012,2448.46
U0343,checkout,2023-06-02 22:53:00,P008,1312.67
U0242,checkout,2023-06-05 20:47:00,P001,345.62
U0309,wishlist_add,2023-06-01 08:21:00,P024,1164.96
U0127,wishlist_add,2023-06-05 02:25:00,P015,1105.18
U0304,checkout,2023-06-05 08:10:00,P026,2278.08
U0003,wishlist_add,2023-06-05 19:31:00,P017,604.81
U0003,wishlist_add,2023-06-06 12:48:00,P020,723.44
U0017,page_view,2023-06-06 13:39:00,P006,520.41
U0336,wishlist_add,2023-06-05 22:19:00,P004,1135.28
U0312,page_view,2023-06-02 03:47:00,P008,630.74
U0274,wishlist_add,2023-06-03 20:13:00,P009,1141.76
U0230,profile_update,2023-06-02 08:19:00,P004,2377.22
U0078,page_view,2023-06-03 08:48:00,P024,2270.34
U0024,wishlist_add,2023-06-01 08:32:00,P016,2528.57
U0093,checkout,2023-06-02 05:22:00,P019,2611.08
U0387,profile_update,2023-06-05 02:09:00,P005,206.14
U0313,page_view,2023-06-04 05:57:00,P001,929.3
U0020,profile_update,2023-06-05 08:01:00,P007,1610.78
U0148,page_view,2023-06-04 03:28:00,P009,1588.91
U0075,page_view,2023-06-03 12:38:00,P005,2418.76
U0305,wishlist_add,2023-06-04 03:04:00,P008,830.57
U0385,page_view,2023-06-04 09:57:00,P002,1186.19
U0183,wishlist_add,2023-06-04 18:26:00,P006,2093.4
U0206,profile_update,2023-06-01 15:41:00,P009,1759.62
U0210,profile_update,2023-06-03 17:25:00,P007,2905.83
U0236,page_view,2023-06-05 06:33:00,P005,1621.69
U0113,profile_update,2023-06-03 09:08:00,P015,717.14
U0261,wishlist_add,2023-06-01 18:28:00,P021,2272.97
U0309,checkout,2023-06-01 19:15:00,P013,2614.28
U0260,profile_update,2023-06-02 17:14:00,P026,307.93
U0051,profile_update,2023-06-03 22:54:00,P023,1133.27
U0377,checkout,2023-06-03 07:57:00,P025,2821.12
U0144,profile_update,2023-06-03 22:28:00,P021,2874.62
U0348,page_view,2023-06-04 05:37:00,P001,2156.83
U0181,profile_update,2023-06-05 21:44:00,P023,860.8
U0318,wishlist_add,2023-06-03 16:06:00,P011,787.61
U0223,checkout,2023-06-01 14:31:00,P015,1759.74
U0391,checkout,2023-06-04 14:50:00,P015,1687.7
U0222,page_view,2023-06-04 21:15:00,P030,2854.36
U0116,checkout,2023-06-06 09:39:00,P004,2395.71
